"Game","Nearest"
"1,000 Amps","10,000,000 ; 10000000"
"10,000,000","10000000"
"100 Rogues","1,000 Amps ; 10000000 ; 80 Days ; Dark Souls ; DLC Quest ; Infamous ; LA Noire ; Rage ; Resogun ; Reus"
"10000000","10,000,000"
"140","999 ; Fez ; FEZ ; FTL ; Ico ; SSX ; Way"
"30 Flights of Loving","Thirty Flights of Loving"
"7th Dragon","80 Days ; Bus Driver ; Watch Dogs"
"80 Days","Day Z ; Slay ; Way"
"868-HACK","80 Days ; ARMA 3 ; DOTA 2 ; DOTA2"
"9 Hours, 9 Persons, 9 Doors","Persona 3 FES ; Persona 4 Golden"
"999","140 ; Fez ; FEZ ; FTL ; Ico ; SSX ; Way"
"Aarklash: Legacy","Halo: Reach ; Rogue Legacy"
"Ace Attorney: Dual Destinities","Phoenix Wright Ace Attorney: Dual Destinies"
"Ace of Spades","Age of Wonders 3 ; Rock of Ages"
"Ace Patrol","Ascension ; Dance Central ; Terraria"
"Age of Decadence, The","Age of Wonders 3"
"Age of Wonders 3","Ace of Spades"
"Alan Wake","Year Walk"
"Alice: Madness Returns","Black Mesa Source ; Shadowrun Returns"
"Alien: Isolation","Hitman: Absolution ; Trials: Evolution"
"Alpha Protocol","Ace Patrol"
"Amnesia: A Machine for Pigs","Amnesia: Dark Descent"
"Amnesia: Dark Descent","Amnesia: The Dark Descent"
"Amnesia: The Dark Descent","Amnesia: Dark Descent"
"Analogue: A Hate Story","Game Dev Story ; Halo: Anniversary ; Heroes of the Storm ; Mega Mall Story ; Vagrant Story"
"Angry Birds Star Wars","Empire: Total War"
"Animal Crossing: New Leaf","Fallout: New Vegas"
"Anno 2070","F1 2012 ; Metro 2033"
"Antichamber","Witcher"
"ARMA 3","Doom 3 ; DOTA 2 ; FIFA 13"
"Army of Darkness","Darkness"
"Ascension","Bastion ; Factorio ; Jamestown"
"Ascension: Darkness Unleashed","Amnesia: Dark Descent"
"Aselia the Eternal","Feed the Beast ; War in the East"
"Assassin's Creed","Assassin's Creed 2 ; Assassin's Creed 3"
"Assassin's Creed 2","Assassin's Creed 3"
"Assassin's Creed 3","Assassin's Creed 2"
"Assassin's Creed 3: Liberation","Assassin's Creed: Revelations"
"Assassin's Creed III","Assassin's Creed 2 ; Assassin's Creed 3"
"Assassin's Creed IV: Black Flag","Assassin's Creed 3: Liberation"
"Assassin's Creed Unity","Assassin's Creed 2 ; Assassin's Creed 3 ; Assassin's Creed III"
"Assassin's Creed: Brotherhood","Assassin's Creed: Revelations"
"Assassin's Creed: Revelations","Assassin's Creed 3: Liberation"
"Asura's Wrath","Alan Wake ; Baldur's Gate"
"Atelier Totori","Atelier Totori Plus"
"Atelier Totori Plus","Atelier Totori"
"Atom Zombie Smasher","Zombie Shooter 2"
"Awesomenauts","Outernauts ; Psychonauts ; Resonance"
"Back to the Future","Back to the Future: The Game ; Fall of the Samurai ; Mark of the Ninja"
"Back to the Future: The Game","Back to the Future"
"Baldur's Gate","Hand of Fate"
"Ball, The","Fall, The"
"Banished","Braid ; Risen ; Vanquish"
"Banner Saga, The","Sunless Sea, The"
"Bari Bari Ball","Mario Kart 7 ; Mario Kart 8"
"Bastion","Destiny"
"Batman: Arkham Asylum","Batman: Arkham City"
"Batman: Arkham City","Batman: Arkham Asylum ; Batman: Arkham Origins"
"Batman: Arkham Origins","Batman: Arkham City"
"Batman: Arkham Origins Blackgate","Batman: Arkham Origins"
"Battleblock Theatre","Battleheart"
"Battlefield 3","Battlefield 4"
"Battlefield 4","Battlefield 3"
"Battlefield 4: Commander","Battlefield: Bad Company 2"
"Battlefield: Bad Company 2","Battlefield 4: Commander"
"Battleheart","Battlefield 3 ; Battlefield 4"
"Bayonetta","Bayonetta 2"
"Bayonetta 2","Bayonetta"
"Bernband","Braid"
"Betrayer","Krater ; Strider"
"Beyond: Two Souls","Demon's Souls"
"Binary Domain","Heavy Rain"
"Binding of Isaac","Binding of Isaac/Rebirth"
"Binding of Isaac/Rebirth","Binding of Isaac"
"Binding of Isaac/Wrath of the Lamb","Binding of Isaac/Rebirth"
"Bionic Dues","Nitronic Rush"
"Bioshock","BioShock"
"BioShock","Bioshock"
"Bioshock 2","Bioshock"
"Bioshock Infinite/Burial at Sea","Bioshock Infinite/DLC"
"Bioshock Infinite/DLC","Bioshock 2 ; Dishonored/DLC ; Hexcells Infinite"
"Birds of Steel","Child of Eden ; Hand of Fate ; Lords of Waterdeep ; Wages of Sin"
"Bit.Trip Presents Runner 2: Future Legend of Rhythm Alien","Etrian Odyssey IV: Legends of the Titan"
"Bit.Trip Runner","Bit.Trip Runner 2"
"Bit.Trip Runner 2","Bit.Trip Runner"
"Black Mesa Source","Blackwell Unbound"
"Blackwell Convergence","Blackwell Unbound"
"Blackwell Epiphany","Blackwell Unbound"
"Blackwell Legacy, The","Banner Saga, The ; Blackwell Convergence"
"Blackwell Unbound","Blackwell Epiphany"
"Blood Bowl","Bioshock ; BioShock ; Doom 3 ; Gone Home ; ilomilo"
"Blur","Nier ; Reus ; Slay"
"Book of Heroes","Boot Hill Heroes"
"Book of Unwritten Tales, The","Age of Decadence, The ; Talos Principle, The"
"Book of Unwritten Tales: Critter Chronicles","Book of Unwritten Tales, The"
"Boot Hill Heroes","Book of Heroes"
"Borderlands","Borderlands 2"
"Borderlands 2","Borderlands"
"Borderlands 2/DLC","Borderlands 2"
"Borderlands The Pre-Sequel","Borderlands 2 ; Borderlands 2/DLC"
"Botanicula","Banished ; Gothic ; Magicka ; Titanfall"
"Braid","Brink ; Dyad ; Hoard"
"Bravely Default","Battleheart ; Gravity Rush"
"Bridge, The","Ball, The ; Cave, The ; Yawhg, The"
"Brink","Braid ; Bronze"
"Broforce","BroForce"
"BroForce","Broforce"
"Broken Age","Bronze"
"Bronze","Brink"
"Brooklyn Trash King","Organ Trail"
"Brothers: A Tale of Two Sons","Beyond: Two Souls ; Disaster: Day of Crisis ; Heroes of the Storm ; Infamous: Second Son ; Pride of Nations ; Styx: Master of Shadows ; This War of Mine ; Witcher 2: Assassins of Kings ; Wonderful End of the World ; World of Goo ; World of Tanks ; World of Warriors"
"Brutal Legend","Rayman Legends"
"Bulletstorm","Cave Story ; Jamestown ; Outlast ; Puppeteer ; Transistor ; Wildstar"
"Bully: Scholarship Edition","Elder Scrolls IV: Oblivion ; Guild Wars Factions ; Halo: CE Anniversary Edition"
"Bureau, XCOM Declassified, The","Age of Decadence, The"
"Bus Driver","Betrayer ; Receiver ; Strider"
"Call of Duty: Advanced Warfare","Call of Duty: Modern Warfare 3"
"Call of Duty: Black Ops 2","Call of Duty: Ghosts"
"Call of Duty: Ghosts","Call of Duty: Black Ops 2"
"Call of Duty: Modern Warfare 3","Call of Duty: Advanced Warfare"
"Call of Juarez","Hand of Fate"
"Call of Juarez: Bound in Blood","Call of Juarez: Gunslinger"
"Call of Juarez: Gunslinger","Call of Juarez: Bound in Blood"
"Candy Box 2","de Blob 2"
"Candy Grapple","Candy Box 2"
"Captain America","Catherine"
"Captain Toad: Treasure Tracker","Captain America"
"Car Mechanic Simulator 2014","Farming Simulator 2013 ; Surgeon Simulator 2013"
"Carcassonne","Hearthstone"
"Card Hunter","Cardhunter"
"Cardhunter","Card Hunter"
"Castle Crashers","Battleheart ; Catherine ; Cookie Clicker ; Fatal Frame ; Just Cause 2 ; Luftrausers ; Puzzle Craft"
"Castlevania: Lords of Shadow","Styx: Master of Shadows"
"Catherine","Brink ; Cave, The ; Cinders ; Factorio ; Gothic ; Hearthstone ; Krater ; Out There ; Shatter ; Stacking ; Strider ; Warframe ; Witcher ; Witcher 2"
"Cave Story","Cave Story+"
"Cave Story+","Cave Story"
"Cave, The","Ball, The ; Fall, The"
"Chaos Reborn","Cave Story ; Color Zen"
"Child of Eden","Child of Light"
"Child of Light","Child of Eden"
"Chronicles of Riddick: Escape from Butcher Bay","Chronicles of Riddick: Escape from Butcher Bay, The"
"Chronicles of Riddick: Escape from Butcher Bay, The","Chronicles of Riddick: Escape from Butcher Bay"
"Chrono Trigger","Broforce ; BroForce ; Bus Driver ; Card Hunter ; Color Zen ; Cookie Clicker ; Tiny Tower ; Tomb Raider"
"Cinders","Nier"
"Cities in Motion","Cities in Motion 2"
"Cities in Motion 2","Cities in Motion"
"Civilization V","Revolution 60"
"Civilization V/Brave New World","Civilization V/Gods and Kings"
"Civilization V/Gods and Kings","Civilization V/Brave New World ; Civilization: Beyond Earth"
"Civilization: Beyond Earth","Civilization V ; Civilization V/Gods and Kings"
"Clash of Clans","Call of Juarez ; Child of Eden ; Hand of Fate ; Path of Exile ; Risk of Rain ; Take on Mars ; World of Tanks"
"Clicker Heroes","Book of Heroes ; Resogun Heroes"
"Cognition: An Erica Reed Thriller","Dust: An Elysian Tail ; Dust: An Elysian Tale ; Vanishing of Ethan Carter"
"Color Zen","Solforge"
"Company of Heroes 2","Book of Heroes"
"Contrast","Outlast"
"Cook, Serve, Delicious","Cook, Serve, Delicious!"
"Cook, Serve, Delicious!","Cook, Serve, Delicious"
"Cookie Clicker","Doorkickers"
"Corpse Party","Ace Patrol ; Battleheart ; Borderlands ; Cave Story ; Contrast ; Mario Kart 7 ; Mario Kart 8 ; Sorcery!"
"Costume Quest","DLC Quest ; Punch Quest"
"Counter-Strike: Global Offensive","Elder Scrolls Online ; Mount & Blade: Warband ; Towerfall Ascension"
"Craft the World","Creeper World ; Cut the Rope"
"Creeper World","Secret World"
"Creeper World 3: Arc Eternal","Creeper World"
"Criminal Case","Gemini Rue"
"Crimson Shroud","Crossy Road"
"Crimson: Steam Pirates","Crimson Shroud"
"Crossy Road","Crysis 2 ; Crysis 3"
"Crusader Kings 2","Borderlands 2 ; Crysis 2 ; Darksiders 2 ; Dead Rising 2"
"Crusader Kings II/The Old Gods","Crusader Kings 2"
"Crypt of the Necrodancer","Craft the World ; March of the Eagles ; Mark of the Ninja"
"Crysis","Crysis 2 ; Crysis 3"
"Crysis 2","Crysis 3"
"Crysis 3","Crysis 2"
"Cut the Rope","Out There ; To the Moon"
"Dakensang: The River of Time","Drakensang 2: The River of Time"
"Dance Central","Dance Central 2"
"Dance Central 2","Dance Central"
"Danganronpa","Carcassonne"
"Dangerous High School Girls in Trouble","Dakensang: The River of Time"
"Dante's Inferno","Little Inferno"
"Dark Souls","Dark Souls 2"
"Dark Souls 2","Dark Souls"
"Darkness","Darkness 2"
"Darkness 2","Darkness ; Darkness II"
"Darkness II","Darkness 2"
"Darksiders","Darksiders 2"
"Darksiders 2","Darksiders"
"Dawn of Discovery/Anno 1404","Age of Decadence, The ; Call of Duty: Ghosts"
"Day Z","Dyad ; Way"
"DC Universe Online","Star Trek Online"
"de Blob 2","Diablo 2"
"Dead Island","Dead Pixels ; Dear Esther ; La Mulana"
"Dead Pixels","Darksiders ; Dead Island ; Dead Space 2 ; Dead Space 3 ; Deadlight"
"Dead Rising 2","Dead Rising 3"
"Dead Rising 3","Dead Rising 2"
"Dead Space 2","Dead Space 3"
"Dead Space 3","Dead Space 2"
"Deadlight","Torchlight"
"Deadly Premonition: Director's Cut","Depression Quest ; Dungeons of Dredmor"
"Dear Esther","Darksiders ; Dead Island ; Hearthstone"
"Defcom","Ico"
"Defender's Quest: Valley of the Forgotten","King's Bounty: Warriors of the North ; Wonderful End of the World"
"Defense Grid 2","Grid 2 ; Left 4 Dead 2"
"Defense Grid: The Awakening","Defense Grid 2"
"Defiance","Resonance ; Sequence"
"Delve Deeper","Gem Keeper"
"Demon's Souls","Dark Souls"
"Depression Quest","Dragon Nest"
"Desert Golfing","Destiny ; Never Alone"
"Desktop Dungeons","Elite Dangerous"
"Destiny","Bastion"
"Deus Ex","Reus"
"Deus Ex: Human Revolution","Deus Ex: Human Revolution/Missing Link"
"Deus Ex: Human Revolution/Missing Link","Deus Ex: Human Revolution"
"Device 6","Defcom ; Defiance ; Dirt 2 ; Trine 2"
"Devil Survivor 2","Civilization V ; Dead Rising 2 ; Dead Space 2 ; Forza Horizon 2 ; How to Survive ; Revolution 60"
"Diablo 2","Diablo 3"
"Diablo 3","Diablo 2"
"Diablo 3/Reaper of Souls","Dark Souls ; Yakuza: Dead Souls"
"Diablo III","Diablo 2 ; Diablo 3 ; Fable III"
"Dirt 2","DOTA 2 ; Shift 2"
"Disaster: Day of Crisis","Driver: San Fransisco"
"Disgaea 4","Day Z ; Device 6 ; Diablo 2 ; Diablo 3 ; Dirt 2 ; Froza 4 ; Halo 4 ; Miasmata ; Risen ; SimCity 4 ; Witcher 2"
"Dishonored","Dishonored/DLC"
"Dishonored/DLC","Dishonored"
"Dishonored/Knife of Dunwall/Brigmore Witches","Binding of Isaac/Rebirth ; Dungeons of Dredmor ; Ni no Kuni: Wrath of the White Witch ; Ni No Kuni: Wrath of the White Witch ; Risen 2: Dark Waters ; World of Warriors"
"Disney Magical World","Super Mario 3D World"
"Disney's Guilty Party","Disney Magical World ; Kirby's Epic Yarn"
"Distant Worlds","Dishonored ; Mutant Mudds ; Pushmo World ; Secret World"
"Divekick","Bioshock ; BioShock ; DriveClub"
"Divinity II - Dragon Knight Saga","Divinity II: The Dragon Knight Saga"
"Divinity II: The Dragon Knight Saga","Divinity II - Dragon Knight Saga"
"Divinity Original Sin","Disney Magical World ; Infinite Crisis"
"DLC Quest","Punch Quest"
"DmC: Devil May Cry","Game Dev Story"
"Dominions 4","Darkness 2 ; Disgaea 4 ; Doom 3 ; Gemini Rue ; Homefront ; Picross E ; SimCity 4 ; Tropico 4"
"Dominions 4: Thrones of Ascension","Hegemony: Philip of Macedon"
"Don't Run with a Plasma Sword","Analogue: A Hate Story ; Monster Hunter 3 Ultimate"
"Don't Starve","Last Story"
"Donkey Kong Country Returns","Donkey Kong Country: Tropical Freeze"
"Donkey Kong Country: Tropical Freeze","Donkey Kong Country Returns"
"Doom 3","ARMA 3 ; Day Z ; Dirt 2 ; DOTA 2 ; Rome 2"
"Doom/Brutal Doom","Portal 2"
"Doorkickers","Darksiders"
"DOTA 2","DOTA2"
"DOTA2","DOTA 2"
"Dragon Age 2","Dragon Age II"
"Dragon Age II","Dragon Age 2"
"Dragon Age Origins","Dragon Age: Origins"
"Dragon Age: Inquisition","Dragon Age: Origins"
"Dragon Age: Origins","Dragon Age Origins"
"Dragon Age: Origins/DLC","Dragon Age: Origins"
"Dragon Nest","Dragon Age 2"
"Dragon Quest Heroes: Rocket Slime","Dragon Quest Monsters: Joker 2"
"Dragon Quest IX: Sentinels of the Starry Skies","Dragon Quest Heroes: Rocket Slime"
"Dragon Quest Monsters: Joker 2","Dragon Quest Heroes: Rocket Slime"
"Dragon's Crown","Dragon's Dogma"
"Dragon's Dogma","Dragon's Crown"
"Dragon's Dogma/Dark Arisen","Dragon's Dogma"
"Drakengard 3","Dead Space 3 ; Dragon Age 2 ; Ravenmark ; Rock Band 3 ; Yakuza 3"
"Drakensang 2: The River of Time","Dakensang: The River of Time"
"DriveClub","Divekick"
"Driver: San Fransisco","Dante's Inferno ; Disaster: Day of Crisis ; Elite Dangerous ; Frozen Synapse ; Organ Trail ; Pride of Nations ; Trials Frontier ; X3 Terran Conflict"
"Drox Operative","Perspective"
"Ducktales Remastered","Castle Crashers"
"Duke Nukem Forever","Delve Deeper ; Freedom Force ; Full House Poker ; Puzzle Forge"
"Dungeon Crawl Stone Soup","Dungeons of Dredmor ; Surgeon Simulator 2013"
"Dungeon Defenders","Dungeon Raid"
"Dungeon of the Endless","Dungeon Defenders"
"Dungeon Raid","Dragon Nest ; Kingdom Rush ; Risk of Rain"
"Dungeons and Dragons Chronicles of Mystara","Dakensang: The River of Time ; Drakensang 2: The River of Time ; Dungeon Crawl Stone Soup ; Dungeon of the Endless ; Dungeons of Dredmor ; Xenoblade Chronicles"
"Dungeons of Dredmor","Legend of Dragoon"
"Dust: An Elysian Tail","Dust: An Elysian Tale"
"Dust: An Elysian Tale","Dust: An Elysian Tail"
"Dyad","Braid ; Day Z ; Hoard ; Ryse ; Slay ; Way"
"Earth Defense Force: Insect Armageddon","Defense Grid: The Awakening"
"Eclipse: New Dawn for the Galaxy","Risen 2: Dark Waters ; Rollers of the Realm"
"Edna & Harvey","Don't Starve ; Enclave ; Enslaved"
"Eidolon","Bastion ; Diablo 2 ; Diablo 3 ; ilomilo ; Limbo ; Nidhogg ; Pikmin ; Resogun ; Risen"
"El Shaddai: Ascension of the Metatron","Shadows of the Damned"
"Elder Scrolls IV: Oblivion","Elder Scrolls V: Skyrim"
"Elder Scrolls Online","Elder Scrolls IV: Oblivion ; Elder Scrolls V: Skyrim"
"Elder Scrolls V: Skyrim","Elder Scrolls V: Skyrim, The"
"Elder Scrolls V: Skyrim, The","Elder Scrolls V: Skyrim"
"Elder Sign","Ascension ; Color Zen ; Eidolon ; Never Alone ; Tererria"
"Electronic Super Joy","Nitronic Rush"
"Elemental: Fallen Enchantress","Risen 2: Dark Waters"
"Elite Beat Agents","Elite Dangerous"
"Elite Dangerous","Elite Beat Agents"
"Empire: Total War","Shogun 2: Total War"
"Enclave","Enslaved"
"Endless Legend","Endless Space"
"Endless Space","Endless Legend"
"Enslaved","Enclave"
"Escape Goat 2","Ace Patrol ; Asura's Wrath ; Bayonetta 2 ; Candy Box 2 ; Dark Souls 2 ; de Blob 2 ; Dead Space 2 ; Defense Grid 2 ; Diablo 2 ; Disgaea 4 ; Fallout 3 ; Far Cry 2 ; Infamous 2 ; Left 4 Dead 2 ; Mafia 2 ; Overlord 2 ; Payday 2 ; Planetside 2 ; StarCraft 2"
"Eschalon Book III","Dragon Age II ; Escape Goat 2"
"Etrian Odyssey IV: Legends of the Titan","Etrian Odyssey Untold: Millennium Girl"
"Etrian Odyssey Untold: Millennium Girl","Etrian Odyssey IV: Legends of the Titan"
"Eufloria","Gnomoria ; Memoria"
"Euro Truck Simulator 2","Farming Simulator 15 ; Goat Simulator ; Surgeon Simulator 2013"
"Europa Universalis 4","Europa Universalis IV"
"Europa Universalis IV","Europa Universalis 4"
"F.E.A.R. 3","FEAR 2"
"F1 2012","FIFA 12"
"Fable 3","Diablo 3 ; Fable III"
"Fable III","Diablo III ; Fable 3"
"Factorio","Bastion ; Eufloria ; Fract OSC ; Gnomoria ; Memoria"
"Faerie Solitaire","Fairway Solitaire"
"Fairway Solitaire","Faerie Solitaire"
"Fall of the Samurai","Mark of the Ninja"
"Fall, The","Ball, The"
"Fallout 3","Fable 3 ; Fallout 3/DLC"
"Fallout 3/DLC","Fallout 3"
"Fallout New Vegas","Fallout: New Vegas"
"Fallout: New Vegas","Fallout New Vegas"
"Fantasia: Music Evolved","Fantasy Life"
"Fantasy Life","Fatal Frame"
"Far Cry 2","Far Cry 3 ; Far Cry 4"
"Far Cry 3","Far Cry 2 ; Far Cry 4"
"Far Cry 3: Blood Dragon","Fire Emblem: Shadow Dragon"
"Far Cry 4","Far Cry 2 ; Far Cry 3"
"Farming Simulator 15","Farming Simulator 2013"
"Farming Simulator 2013","Farming Simulator 15"
"Fatal Frame","Warframe"
"FEAR 2","Dirt 2 ; DOTA 2 ; FEZ ; FIFA 12 ; Grid 2 ; NCAA 12 ; Rome 2"
"Feed the Beast","War in the East"
"Fez","FEZ ; FTL"
"FEZ","Fez ; FTL"
"Fibbage","Rage"
"Field of Glory","World of Goo"
"FIFA 12","FIFA 13 ; FIFA 15"
"FIFA 13","FIFA 12 ; FIFA 15"
"FIFA 15","FIFA 12 ; FIFA 13"
"Final Fantasy 13","Final Fantasy 13-2"
"Final Fantasy 13-2","Final Fantasy 13"
"Final Fantasy X/Remaster","Final Fantasy XIII-2"
"Final Fantasy XIII-2","Final Fantasy 13-2"
"Final Fantasy XIV/A Realm Reborn","Final Fantasy XIV/Realm Reborn"
"Final Fantasy XIV/Realm Reborn","Final Fantasy XIV/A Realm Reborn"
"Final Warrior Quest","Hyrule Warriors"
"Fire Emblem: Awakening","Fire Emblem: Shadow Dragon"
"Fire Emblem: Shadow Dragon","Fire Emblem: Awakening"
"Firefall","Titanfall"
"Firefighters 2014","Darksiders 2"
"First Touch Soccer","Full House Poker"
"FlatOut Ultimate Carnage","Fatal Frame"
"Flight Control HD","Dance Central 2"
"Flower","Blur ; Fez ; Krater ; Nier"
"Football Manager 2012","Football Manager 2014"
"Football Manager 2014","Football Manager 2012"
"Forza 5","Froza 4"
"Forza Horizon","Forza Horizon 2"
"Forza Horizon 2","Forza Horizon"
"Fract OSC","Factorio"
"Freedom Force","BroForce"
"Frog Fractions","7th Dragon ; Bastion ; Drox Operative ; Fract OSC ; From Dust ; Glow Artisan ; Pride of Nations"
"From Dust","Proteus"
"Froza 4","Forza 5"
"Frozen Synapse","Broken Age"
"FTL","Fez ; FEZ"
"Full House Poker","Cut the Rope ; Fallout 3 ; Fallout 3/DLC ; First Touch Soccer ; Just Cause 2"
"Game Dev Story","Game Dev Tycoon"
"Game Dev Tycoon","Game Dev Story"
"Game of Thrones (RPG)","Army of Darkness ; Tales of Graces f ; Tales of Graces F"
"Game of Thrones Role-Playing Game","Game of Thrones (RPG)"
"Gears of War 3","Men of War"
"Gears of War: Judgement","Gears of War 3"
"Gem Keeper","Delve Deeper"
"Gemini Rue","Bionic Dues ; Defiance ; Device 6 ; Dominions 4 ; Gem Keeper ; Get On Top ; Godville ; Gone Home ; Gravity Rush ; Grid 2 ; Memoria ; Pikmin 3 ; Resonance ; Sengoku ; Smite ; Trine 2"
"Get On Top","Hitman Go"
"Ghost Recon: Shadow Wars","Angry Birds Star Wars"
"Ghost Trick: Phantom Detective","Ghost Recon: Shadow Wars"
"Ghostbusters","Luftrausers ; Shatter"
"Giana Sisters: Twisted Dreams","Disaster: Day of Crisis"
"Glitch","Grid 2 ; Smite ; Witcher"
"Glow Artisan","Gnomoria"
"Gnomoria","Memoria"
"Goat Simulator","Botanicula"
"Gods Will Be Watching","Boot Hill Heroes ; Godville ; This War of Mine"
"Godville","Gothic ; Hoplite"
"Gone Home","Sine Mora"
"Gothic","ZombiU"
"Gran Turismo 5","Gran Turismo 6"
"Gran Turismo 6","Gran Turismo 5"
"Grand Theft Auto V","Gran Turismo 5 ; Gran Turismo 6"
"Grand Theft Auto: Episodes from Liberty City","Grand Theft Auto V"
"Gratuitous Space Battles","March of the Eagles ; Serious Sam Double D"
"Gravity Bone","Gravity Rush"
"Gravity Rush","Gravity Bone"
"Grid 2","Trine 2"
"Growlanser: Wayfarer of Time","Dakensang: The River of Time ; Drakensang 2: The River of Time"
"Guacamelee","Guacamelee!"
"Guacamelee!","Guacamelee"
"Guardian Heroes","Resogun Heroes"
"Guild Wars 2","Grid 2 ; Just Cause 2 ; Wildstar"
"Guild Wars Factions","Guild Wars 2"
"Gunpoint","Brink ; Contrast ; Destiny ; Eufloria ; Gnomoria ; Gothic ; Hoplite ; iRacing ; LA Noire ; Outland ; Outlast ; Pikmin ; Rift ; Rust ; Sengoku ; Skydrift ; Stacking ; Vanquish"
"Gunstringer, The","Bridge, The"
"Half-Life: Black Mesa","Call of Duty: Black Ops 2 ; Vampire: Bloodlines"
"Halo 4","Day Z ; Diablo 2 ; Diablo 3 ; Fable 3 ; Warlock"
"Halo: Anniversary","Halo: Reach"
"Halo: CE Anniversary Edition","Halo: Anniversary"
"Halo: Reach","Halo 4"
"Halo/Master Chief Collection","Splinter Cell: Conviction"
"Hammerwatch","Halo: Reach ; Homefront ; Teleglitch"
"Hand of Fate","Men of War"
"Hatsune Miku Project DIVA f","Hatsune Miku Project DIVA f 2nd"
"Hatsune Miku Project DIVA f 2nd","Hatsune Miku Project DIVA f"
"Hearthstone","Carcassonne ; Catherine ; Dear Esther"
"Hearts of Iron III","Gears of War 3"
"Heavy Rain","Year Walk"
"Hegemony","Destiny ; Homefront"
"Hegemony: Philip of Macedon","Legend of Dragoon"
"Hero Academy","Penny Arcade 3"
"Heroes of Might and Magic V","Heroes of the Storm"
"Heroes of the Storm","Sword of the Stars"
"Hexcells Infinite","Dante's Inferno ; Shovel Knight"
"Hitman Go","Pikmin 3"
"Hitman: Absolution","Alien: Isolation"
"Hoard","Braid ; Dyad ; Rochard"
"Hohokum","Doom 3 ; Halo 4 ; Hoard ; Hoplite ; Resogun ; Sanctum ; Sengoku"
"Homefront","Hegemony"
"Hoplite","Smite"
"Hot Shots Gold: World Invitational","Mario Golf: World Tour"
"Hotline Miami","Gone Home ; Hoplite ; Sine Mora ; Waking Mars"
"How to Survive","Don't Starve"
"Hyperdimension Neptunia Mk2","Depression Quest"
"Hyrule Warriors","Shadow Warrior ; World of Warriors"
"Icebreaker","Betrayer"
"Ico","140 ; 999 ; Fez ; FEZ ; FTL ; SSX ; Way"
"Ico/Shadow of the Colossus HD","Shadow of the Colossus HD"
"ilomilo","Doom 3 ; Eidolon ; Flower ; iRacing ; Limbo ; Okami ; Pikmin ; Rome 2 ; Smite ; ZombiU"
"Incredible Adventures of Van Helsing","Diablo 3/Reaper of Souls ; Dominions 4: Thrones of Ascension ; Thirty Flights of Loving"
"Infamous","Infamous 2"
"Infamous 2","Infamous"
"Infamous: First Light","Metro: Last Light"
"Infamous: Second Son","Infamous 2 ; Infamous: First Light"
"Infinite Crisis","Infinity Blade 2"
"Infinity Blade 2","Infinite Crisis"
"Initial D Extreme Stage","Endless Space ; Fatal Frame ; Pinball Arcade ; Sword of the Stars"
"Insurgency","Journey ; Sequence"
"iRacing","Stacking"
"Jagged Alliance: Back in Action","Dragon Age: Inquisition"
"Jamestown","Bastion ; Majesty"
"Jazzpunk","Bastion ; Brink ; Resogun ; Sanctum ; Spelunky ; Starbound ; Warlock ; Yakuza"
"Jeanne D'Arc","Cave Story ; Sine Mora"
"Jetpack Joyride","Creeper World ; Distant Worlds ; Factorio ; Fatal Frame ; Secret World ; Stacking ; Ticket to Ride"
"Johann Sebastian Joust","Black Mesa Source ; Depression Quest ; Final Warrior Quest ; Longest Journey ; Risen 3: Titan Lords"
"Journey","Blur ; Hoard ; Portal ; Quake ; Sorcery!"
"Just Cause 2","Just Dance 4"
"Just Dance 4","Just Cause 2"
"Kentucky Route Zero","Full House Poker ; Jetpack Joyride ; Men of War ; Sky Force 2014 ; Tiny Tower"
"Kerbal Space Program","Dead Space 2 ; Dead Space 3"
"Kid Icarus: Uprising","Kingdom Rush Origins"
"Killer Is Dead","Walking Dead"
"Killzone: Mercenary","Killer Is Dead"
"King's Bounty: Warriors of the North","Lord of the Rings: War in the North"
"Kingdom Hearts 1.5 HD Remix","Kingdom Hearts 3D"
"Kingdom Hearts 3D","Kingdom Rush"
"Kingdom Hearts: Birth By Sleep","Kingdom Hearts 1.5 HD Remix"
"Kingdom Rush","Dungeon Raid ; From Dust ; Gravity Rush ; Nitronic Rush"
"Kingdom Rush Origins","Kingdom Rush"
"Kingdoms of Amalur","Binding of Isaac ; Dungeons of Dredmor ; Kingdom Hearts 3D ; Kingdom Rush"
"Kingdoms of Amalur: Reckoning","Kingdoms of Amalur"
"Kirby Triple Deluxe","Kirby's Epic Yarn"
"Kirby's Epic Yarn","Crysis 2 ; Crysis 3 ; Disney's Guilty Party ; Kirby Triple Deluxe ; Pinball Arcade ; Risk of Rain"
"Kirby's Return to Dreamland","Kirby Triple Deluxe ; Kirby's Epic Yarn"
"Kohan 2: Kings of War","Shogun 2: Total War"
"Krater","Shatter"
"L.A. Noire","LA Noire"
"La Mulana","Dead Island ; Outland ; Yakuza ; Yakuza 3"
"LA Noire","L.A. Noire"
"Lara Croft and the Guardian of Light","War of the Human Tanks"
"Last Door, The","Last Story, The"
"Last of Us, The","Last Door, The ; Last Story, The"
"Last of Us, The/Remastered/Left Behind","Last of Us, The"
"Last Story","Cave Story"
"Last Story, The","Last Door, The"
"Last Windows: The Secret of Cape West","Dakensang: The River of Time"
"League of Evil","League of Legends ; Path of Exile ; Wages of Sin"
"League of Legends","League of Evil"
"Left 4 Dead 2","Lego Batman 2"
"Legend of Dragoon","Legend of Grimrock"
"Legend of Grimrock","Legend of Grimrock 2"
"Legend of Grimrock 2","Legend of Grimrock"
"Legend of Heroes: Trails in the Sky","Legend of Zelda: Ocarina of Time 3D"
"Legend of Zelda: A Link Between Worlds, The","Legend of Zelda: Skyward Sword, The"
"Legend of Zelda: Ocarina of Time 3D","Legend of Zelda: Ocarina of Time, The"
"Legend of Zelda: Ocarina of Time, The","Legend of Zelda: Ocarina of Time 3D"
"Legend of Zelda: Skyward Sword","Legend of Zelda: Skyward Sword, The"
"Legend of Zelda: Skyward Sword, The","Legend of Zelda: Skyward Sword"
"Legend of Zelda: The Wind Waker, The","Legend of Zelda: The Wind Waker, The/HD"
"Legend of Zelda: The Wind Waker, The/HD","Legend of Zelda: The Wind Waker, The"
"Lego Batman 2","Left 4 Dead 2"
"Lego City Undercover","Lego Indiana Jones ; Velocity Ultra"
"Lego Harry Potter Books 1-4","Lego Marvel Super Heroes"
"Lego Indiana Jones","Lego Batman 2"
"Lego Marvel Super Heroes","LEGO Marvel Super Heroes"
"LEGO Marvel Super Heroes","Lego Marvel Super Heroes"
"Lego Pirates of the Caribbean","Heroes of the Storm ; Rollers of the Realm"
"Lego Star Wars III","Lego Batman 2"
"Lifeless Planet","LittleBigPlanet 2 ; LittleBigPlanet 3"
"Lightning Returns: Final Fantasy XIII","Theatrhythm: Final Fantasy"
"Limbo","Ico ; Nier ; Pikmin ; Rift ; Risen ; ZombiU"
"Little Inferno","Dante's Inferno"
"LittleBigPlanet 2","LittleBigPlanet 3"
"LittleBigPlanet 3","LittleBigPlanet 2"
"Long Dark, The","Last Door, The"
"Long Live the Queen","Long Dark, The ; Longest Journey ; To the Moon ; Volgarr the Viking ; War in the East"
"Longest Journey","Longest Journey, The"
"Longest Journey, The","Longest Journey"
"Lord of the Rings Online","Mark of the Ninja ; Sword of the Stars"
"Lord of the Rings: War in the North","Lord of the Rings Online"
"Lords of Waterdeep","Birds of Steel"
"Lost Constellation","Alien: Isolation ; Goat Simulator ; Sonic Generations"
"Luftrausers","Betrayer ; Just Cause 2"
"Luigi's Mansion: Dark Moon","Legend of Dragoon"
"Lumines: Electronic Symphony","Electronic Super Joy"
"Machinarium","Catherine ; Factorio ; Mafia 2 ; Rochard ; Sanctum"
"Madden 15","Fable 3 ; FIFA 15 ; Mafia 2 ; Majesty ; Payday 2"
"Mafia 2","Grid 2 ; Magicka ; Payday 2"
"Magic the Gathering 2012","Magic: The Gathering 2013"
"Magic: The Gathering 2013","Magic the Gathering 2012"
"Magicka","Mafia 2"
"Majesty","Destiny ; Jamestown ; Mafia 2 ; Magicka ; Miasmata ; Rage ; Rust ; SimCity ; Way"
"Majin and the Forsaken Kingdom","War of the Human Tanks"
"March of the Eagles","Mark of the Ninja"
"Mario & Luigi: Bowser's Inside Story","Mario & Luigi: Dream Team"
"Mario & Luigi: Dream Team","Mario Golf: World Tour"
"Mario Golf: World Tour","Mars: War Logs"
"Mario Kart 7","Mario Kart 8"
"Mario Kart 8","Mario Kart 7"
"Mark of the Ninja","March of the Eagles"
"Mars: War Logs","Hyrule Warriors ; Mario Kart 7 ; Mario Kart 8"
"Marvel Heroes 2015","Clicker Heroes ; Darksiders 2 ; Firefighters 2014 ; Guardian Heroes ; Marvel Puzzle Quest ; Marvel vs Capcom 3 ; Metro 2033 ; Sky Force 2014"
"Marvel Puzzle Quest","Puzzle Agent"
"Marvel vs Capcom 3","Marvel Heroes 2015"
"Marvel vs. Capcom 3: Fate of Two Worlds","Marvel vs Capcom 3"
"Marvelous Miss Take, The","Talos Principle, The"
"Mass Effect","Mass Effect 2 ; Mass Effect 3"
"Mass Effect 2","Mass Effect 3"
"Mass Effect 2/DLC","Mass Effect 3/DLC"
"Mass Effect 3","Mass Effect 2"
"Mass Effect 3/DLC","Mass Effect 2/DLC"
"Master Reboot","Chaos Reborn ; Last Story ; Mass Effect ; Star Realms"
"Max Payne 3","Far Cry 3"
"Medal of Honor: Warfighter","Mario Golf: World Tour"
"Mega Mall Story","Vagrant Story"
"Memoria","Gnomoria"
"Men of War","Gears of War 3 ; Hand of Fate ; Memoria"
"Men of War: Assault Squad","Men of War"
"Mercenary Kings","Tiny Wings"
"Metal Gear Rising Revengeance","Metal Gear Rising: Revengeance"
"Metal Gear Rising: Revengeance","Metal Gear Rising Revengeance"
"Metal Gear Solid 3","Metal Gear Solid 3 HD"
"Metal Gear Solid 3 HD","Metal Gear Solid 3"
"Metal Gear Solid V: Ground Zeroes","Metal Gear Solid 3 HD"
"Metro 2033","Anno 2070"
"Metro Last Light","Metro: Last Light"
"Metro: Last Light","Metro Last Light"
"Miasmata","Mafia 2 ; Magicka ; Majesty"
"Mickey Mouse: Castle of Illusion","Lost Constellation ; Might & Magic: Clash of Heroes"
"Middle-earth: Shadow of Mordor","Castlevania: Lords of Shadow"
"Might & Magic X Legacy","Aarklash: Legacy ; Disney Magical World ; Might & Magic: Clash of Heroes ; Rogue Legacy"
"Might & Magic: Clash of Heroes","Might & Magic X Legacy"
"Minecraft","Contrast"
"MLB 11: The Show","MLB 13: The Show"
"MLB 13: The Show","MLB 11: The Show"
"MLB 2K11","NBA 2K11"
"MLB: The Show '12","MLB: The Show '14"
"MLB: The Show '14","MLB: The Show '12"
"Monaco: What's Yours Is Mine","Lord of the Rings Online ; This War of Mine"
"Monster Hunter 3 Ultimate","Mount & Blade ; Persona 4 Arena Ultimax"
"Monument Valley","Longest Journey ; Mount & Blade ; Tentacles"
"Mortal Kombat","Portal 2"
"MotorStorm: RC","Cave Story ; Cave Story+ ; Doom 3 ; Last Story ; Last Story, The ; Metro 2033 ; Mortal Kombat ; Overlord 2 ; Portal 2 ; Star Command ; Toki Tori 2+"
"Mount & Blade","Paint It Back ; Pokemon Black ; Sound Shapes"
"Mount & Blade: Warband","Mount & Blade"
"Murdered: Soul Suspect","Amnesia: Dark Descent ; Birds of Steel ; Dark Souls ; Dark Souls 2 ; Depression Quest ; Faerie Solitaire ; Freedom Force ; Marvel Puzzle Quest ; Super Pole Riders"
"Mutant Mudds","Distant Worlds"
"NBA 2K11","NBA 2K13 ; NBA 2K14 ; NBA 2K15"
"NBA 2K13","NBA 2K11 ; NBA 2K14 ; NBA 2K15"
"NBA 2K14","NBA 2K11 ; NBA 2K13 ; NBA 2K15"
"NBA 2K15","NBA 2K11 ; NBA 2K13 ; NBA 2K14"
"NBA Jam","NBA 2K11 ; NBA 2K13 ; NBA 2K14 ; NBA 2K15"
"NCAA 12","FIFA 12 ; NHL 12"
"Need for Speed: Hot Pursuit","Need for Speed: Most Wanted"
"Need for Speed: Most Wanted","Need for Speed: Hot Pursuit"
"Need for Speed: Rivals","Need for Speed: Hot Pursuit ; Need for Speed: Most Wanted"
"Neo Scavenger","Gem Keeper ; Hero Academy ; Receiver"
"NES Remix/Ultimate NES Remix","FlatOut Ultimate Carnage ; Kingdom Hearts 1.5 HD Remix"
"Neuroshima Hex","Deus Ex"
"Never Alone","Cave Story ; Cave, The ; Elder Sign ; Gone Home ; Hearthstone ; Hegemony"
"Neverwinter Nights 2","Poker Night 2"
"New Little King's Story","Little Inferno"
"New Super Mario Bros. 2","New Super Mario Bros. U"
"New Super Mario Bros. U","New Super Mario Bros. 2"
"NHL 12","NCAA 12"
"Ni no Kuni: Wrath of the White Witch","Ni No Kuni: Wrath of the White Witch"
"Ni No Kuni: Wrath of the White Witch","Ni no Kuni: Wrath of the White Witch"
"Nidhogg","Bioshock ; BioShock ; Eidolon ; Fibbage ; Limbo ; Nier"
"Nier","Blur ; Fez ; Rift ; Risen"
"Night in the Woods: Lost Constellation","Lost Constellation"
"Night of the Rabbit, The","Age of Decadence, The"
"Nintendo Land","Dungeon Raid ; Sine Mora"
"Nitronic Rush","Bionic Dues"
"Okami","Braid ; Dyad ; Hoard ; Pikmin ; Quake ; Rage ; Skyrim ; Slay ; Way"
"OlliOlli","Glitch ; Godville ; ilomilo ; Okami"
"One Finger Death Punch","Elite Beat Agents ; Long Live the Queen ; Sniper Elite 3 ; Sniper Elite V2 ; Super Meat Boy ; Walking Dead"
"One Piece Pirate Warriors 2","Hyrule Warriors"
"Orcs Must Die 2","Orcs Must Die!"
"Orcs Must Die!","Orcs Must Die 2"
"Organ Trail","Alan Wake ; Fatal Frame ; Titanfall"
"Out of the Park Baseball 14","Rusty's Real Deal Baseball"
"Out There","Witcher"
"Outernauts","Outlast"
"Outland","Outlast"
"Outlast","Outland"
"Overlord 2","de Blob 2 ; Diablo 2 ; Far Cry 2 ; Grid 2"
"Pac-Man Championship Edition DX","Bully: Scholarship Edition"
"Painkiller","Banished ; Godville ; SpinTires"
"Paint It Back","Hand of Fate ; Mount & Blade ; Pokemon Black"
"Pandora's Tower","Baldur's Gate ; Tiny Tower"
"Panzer Corps: Wehrmacht","Halo: Reach"
"Papa & Yo","Papo & Yo"
"Papa and Yo","Papa & Yo"
"Paper Mario: Sticker Star","Super Mario 3D Land ; Super Mario 3D World"
"Papers, Please","Cave, The ; Lifeless Planet ; Never Alone ; Perspective ; Pokemon Black ; Swapper, The ; Zeno Clash"
"Papo & Yo","Papa & Yo"
"Path of Exile","Hand of Fate ; League of Evil"
"Payday 2","Mafia 2 ; Portal 2"
"Penny Arcade 3","Hero Academy ; Pinball Arcade"
"Penny Arcade Episode 3","Penny Arcade 3"
"Persona 3 FES","Persona 4 Golden"
"Persona 3 Portable","Persona 3 FES ; Persona 4 Golden"
"Persona 4 Arena Ultimax","Persona 3 Portable ; Persona 4 Golden"
"Persona 4 Golden","Persona 4: Golden ; Persona 4/Golden"
"Persona 4: Golden","Persona 4 Golden"
"Persona 4/Golden","Persona 4 Golden"
"Persona Q: Shadow of the Labyrinth","Shadows of the Damned"
"Perspective","Destiny ; Puppeteer ; Receiver ; Tererria"
"Phoenix Wright Ace Attorney: Dual Destinies","Ace Attorney: Dual Destinities"
"Picross E","Crysis 2 ; Crysis 3 ; Dirt 2 ; Froza 4 ; Pikmin 3 ; Portal 2 ; Proteus"
"Pikmin","Pikmin 3"
"Pikmin 3","Pikmin"
"Pinball Arcade","Penny Arcade 3"
"Pinball FX 2/Marvel Pinball","Pinball Arcade"
"Pineapple Smash Crew","Castle Crashers"
"PixelJunk Eden","PixelJunk Shooter"
"PixelJunk Monsters/Ultimate HD","PixelJunk Shooter"
"PixelJunk Shooter","PixelJunk Eden"
"Plague, Inc.","Stealth, Inc."
"Planets Nu","Planetside 2"
"Planetside 2","Planets Nu"
"Plants vs Zombies","Plants vs Zombies 2"
"Plants vs Zombies 2","Plants vs Zombies"
"Plants vs Zombies: Garden Warfare","Plants vs Zombies 2"
"Pokemon Black","Pokemon X/Y"
"Pokemon Black/White 2","Pokemon Black"
"Pokémon Omega Ruby/Alpha Sapphire","Pokemon Black/White 2"
"Pokemon X/Y","Pokémon X/Y"
"Pokémon X/Y","Pokemon X/Y"
"Poker Night 2","Torchlight 2"
"Portal","Portal 2"
"Portal 2","Portal"
"Precursors","Crysis ; Deus Ex ; Picross E ; Primordia ; Proteus ; Receiver ; Reus ; Transistor ; Watch Dogs"
"Pride of Nations","Risk of Rain ; World of Warriors"
"Prime World Defender","Dungeon Defenders"
"Primordia","Gnomoria ; Memoria"
"Prince of Persia (2008)","Pride of Nations"
"Prince of Persia: The Forgotten Sands","Prince of Persia (2008)"
"Prison Architect","Crimson Shroud ; Dragon Age 2 ; Dragon Nest ; Penny Arcade 3 ; Primordia ; Tribes Ascend"
"Problem Attic","Broken Age ; Puzzle Agent"
"Professor Layton and the Azran Legacy","Professor Layton and the Miracle Mask"
"Professor Layton and the Miracle Mask","Professor Layton and the Azran Legacy"
"Professor Layton vs Phoenix Wright","Professor Layton and the Azran Legacy ; Professor Layton and the Miracle Mask"
"Proteus","Krater ; Reus ; Saboteur"
"Psychonauts","Outernauts"
"Punch Quest","DLC Quest"
"Puppeteer","Hoplite ; Krater ; Proteus ; Receiver ; Recettear ; Saboteur ; Shatter ; Spaceteam"
"Pushmo World","Dishonored ; Secret World"
"Puzzle Agent","Puzzle Craft"
"Puzzle Craft","Puzzle Agent"
"Puzzle Forge","Puzzle Agent ; Puzzle Craft"
"Quake","Rage"
"Quantum Conundrum","Dance Central ; Mutant Mudds"
"Rachet and Clank: Tools of Destruction","Ratchet and Clank: Into the Nexus"
"Radiant Historia","Radiant Silvergun"
"Radiant Silvergun","Radiant Historia"
"Rage","Ryse"
"Ratchet and Clank: Into the Nexus","Rachet and Clank: Tools of Destruction"
"Ravenmark","Cave Story ; Cave, The ; Divekick ; Rage ; Receiver ; Recettear ; Risen ; Rochard"
"Rayman Legends","Rayman Origins"
"Rayman Origins","Rayman Legends"
"Really Big Sky","Candy Box 2 ; Deadlight"
"Receiver","Recettear"
"Recettear","Receiver"
"Red Dead Redemption","Red Dead Revolver"
"Red Dead Revolver","Red Dead Redemption"
"Red Orchestra 2","Recettear ; Witcher 2"
"Red Orchestra 2/Rising Storm","Red Orchestra 2"
"Remember Me","Receiver"
"Renegade Ops","Cinders ; Danganronpa ; Receiver ; Recettear ; Remember Me ; Tentacles"
"Resident Evil 4/HD","Desert Golfing ; League of Evil ; Radiant Historia ; Radiant Silvergun ; Resident Evil: Revelations ; Resistance 3"
"Resident Evil: Revelations","Resident Evil 4/HD"
"Resistance 3","Resonance"
"Resogun","Resonance ; Reus ; Risen"
"Resogun Heroes","Book of Heroes ; Clicker Heroes ; Guardian Heroes ; Resogun"
"Resonance","Defiance ; Resogun"
"Resonance of Fate","Hand of Fate"
"Reus","Rust"
"Revolution 60","Civilization V ; Device 6 ; Resogun"
"Rhythm Heaven Fever","Neo Scavenger"
"Rift","Rust"
"Risen","Ryse"
"Risen 2: Dark Waters","Risen 3: Titan Lords"
"Risen 3: Titan Lords","Risen 2: Dark Waters"
"Risk of Rain","Rock of Ages"
"Rochard","Hoard"
"Rock Band 3","Rochard"
"Rock of Ages","Book of Heroes ; Risk of Rain"
"Rockband Blitz","Rock Band 3"
"Rocksmith","Rocksmith 2014"
"Rocksmith 2014","Rocksmith"
"Rogue Legacy","Halo: Reach ; Insurgency ; Journey ; Recettear ; Resogun Heroes ; Rome 2"
"Rollers of the Realm","Heroes of the Storm"
"Rome 2","Dirt 2 ; Doom 3 ; DOTA 2 ; FEAR 2 ; Grid 2 ; Rage ; Reus ; Risen ; Ryse ; Trine 2 ; ZombiU"
"Room, The","Ball, The ; Cave, The ; Fall, The"
"Rune Factory 2","Rune Factory 4"
"Rune Factory 4","Rune Factory 2"
"Rune Factory Frontier","Rune Factory 2 ; Rune Factory 4"
"Rust","Reus ; Rift ; Ryse"
"Rusty's Real Deal Baseball","Out of the Park Baseball 14"
"Rymdkapsel","Ryse"
"Ryse","Rage ; Risen ; Rust"
"S.T.A.L.K.E.R.: Call of Pripyat","S.T.A.L.K.E.R.: Clear Sky"
"S.T.A.L.K.E.R.: Clear Sky","S.T.A.L.K.E.R.: Call of Pripyat"
"S.T.A.L.K.E.R.: Shadow of Chernobyl","S.T.A.L.K.E.R.: Call of Pripyat"
"Saboteur","Proteus ; Sanctum ; Shatter"
"Saint's Row IV","Saints Row IV"
"Saint's Row the Third","Saint's Row IV"
"Saints Row 3","Saints Row IV"
"Saints Row IV","Saint's Row IV"
"Samurai Gunn","Baldur's Gate ; Gemini Rue ; Starbound ; Suburbia ; Yakuza 3"
"Sanctum","Sanctum 2"
"Sanctum 2","Sanctum"
"Scribblenauts Unlimited","Hexcells Infinite"
"Scurvy Scallywags","Sound Shapes ; Star Realms"
"Secret of the Magic Crystals","Sword of the Stars"
"Secret World","Creeper World"
"Sengoku","Defcom ; Hohokum ; Resogun ; Sanctum ; Spelunky"
"Sengoku Basara: Samurai Heroes","Lego Marvel Super Heroes"
"Sequence","Defiance"
"Serious Sam Double D","Dark Souls 2 ; Demon's Souls ; Persona 3 Portable ; Persona 4 Golden ; Persona 4: Golden"
"Settlers 7","Shatter ; Witcher 2"
"Shadow Complex","Shadow Warrior"
"Shadow of the Colossus HD","Ico/Shadow of the Colossus HD"
"Shadow Warrior","Hyrule Warriors ; Shadow Complex ; World of Warriors"
"Shadowrun Returns","Chaos Reborn"
"Shadowrun Returns/Dragonfall","Shadowrun Returns"
"Shadows of the Damned","March of the Eagles"
"Shatter","Krater"
"Shift 2","Dirt 2"
"Shin Megami Tensei IV","Saint's Row IV ; Saints Row IV"
"Shin Megami Tensei: Devil Summoner: Soul Hackers","Shin Megami Tensei: Devil Survivor/Overclocked"
"Shin Megami Tensei: Devil Survivor/Overclocked","Shin Megami Tensei: Devil Summoner: Soul Hackers"
"Shin Megami Tensei: Strange Journey","Shin Megami Tensei IV"
"Shogun 2: Total War","Empire: Total War"
"Shoot Many Robots","Boot Hill Heroes"
"Shovel Knight","Deadlight ; Poker Night 2 ; Torchlight"
"Silent Hill: Downpour","Boot Hill Heroes"
"Silent Hill: Shattered Memories","Silent Hill: Downpour"
"SimCity","SimCity 4"
"SimCity 4","SimCity"
"Sims 3, The/DLC","Sims 4, The"
"Sims 4, The","Sims 3, The/DLC"
"Sims Medieval","Sims 4, The ; Sine Mora ; Twisted Metal"
"Sine Mora","Gone Home"
"Singularity","SimCity"
"Six Gun Saga","La Mulana ; Sine Mora"
"Skulls of the Shogun","Heroes of the Storm"
"Sky Force 2014","BroForce ; F1 2012 ; Rocksmith 2014 ; Sorcery! ; Toki Tori 2+"
"Skydrift","Skyrim"
"Skylanders","Cinders"
"Skylanders: Spyro's Adventures","Alice: Madness Returns ; Elder Scrolls Online"
"Skyrim","Skydrift"
"Slay","Way"
"Sleeping Dogs","Sengoku ; Sine Mora ; SpinTires ; Waking Mars ; Walking Dead ; Watch Dogs"
"Smite","SimCity"
"Sniper Elite 3","Sniper Elite V2"
"Sniper Elite V2","Sniper Elite 3"
"Solforge","Broforce"
"Sonic & All-Stars Racing Transformed","Sonic Generations"
"Sonic Generations","Frog Fractions ; Pride of Nations"
"Sorcery Sage: Curse of the Great Curry God","Secret of the Magic Crystals"
"Sorcery!","Journey ; Solforge ; Strider ; Threes!"
"Sound Shapes","Syndicate"
"South Park: The Stick of Truth","Dakensang: The River of Time"
"Space Engineers","SpaceChem ; Spaceteam ; Spectromancer ; SpinTires ; Take on Mars"
"Space Pirates and Zombies","Plants vs Zombies"
"Spacebase DF-9","SpaceChem ; Spaceteam"
"SpaceChem","Spaceteam"
"Spaceteam","SpaceChem"
"Spec Ops: The Line","MLB 11: The Show ; MLB 13: The Show"
"Spectromancer","Betrayer ; Resonance ; SpellTower"
"SpellTower","Flower ; Tiny Tower"
"Spelunky","Sengoku ; Sequence ; Slay"
"SpinTires","Cinders"
"Splinter Cell: Blacklist","Splinter Cell: Conviction"
"Splinter Cell: Conviction","Splinter Cell: Blacklist"
"Split/Second","Glitch ; Hoplite ; Smite ; Starbound"
"SSX","140 ; 999 ; Fez ; FEZ ; FTL ; Ico ; Slay ; Way"
"Stacking","iRacing"
"Stanley Parable","Stanley Parable, The"
"Stanley Parable, The","Stanley Parable ; Stanley Parable, The/Demo"
"Stanley Parable, The/Demo","Stanley Parable, The"
"Star Command","Starbound"
"Star Realms","Spaceteam ; Starfarer ; Year Walk"
"Star Trek Online","Star Realms"
"Star Wars Commander","Star Command"
"Star Wars: The Old Republic","Star Wars Commander"
"Starbound","Stacking ; Star Command ; Starfarer"
"StarCraft 2","Far Cry 2 ; Shift 2 ; Starfarer"
"StarCraft II/Heart of the Swarm","Heroes of the Storm ; Sword of the Stars"
"Starfarer","Strider"
"State of Decay","Path of Exile"
"Stealth Bastard Deluxe","Atelier Totori Plus ; Kirby Triple Deluxe ; Stanley Parable ; State of Decay ; Stealth, Inc."
"Stealth, Inc.","Plague, Inc."
"SteamWorld Dig","Memoria ; Overlord 2 ; Primordia ; Secret World ; Starbound ; Two Worlds 2 ; Two Worlds II"
"Story about My Uncle, A","Serious Sam Double D ; Star Trek Online ; Starbound ; Stealth, Inc. ; Tokyo Jungle"
"Stressed Pilgrim","Atelier Totori ; Corpse Party ; Tales of Xillia"
"Strider","Betrayer ; Grid 2 ; Krater ; Nier ; Shatter ; Smite ; Starfarer"
"Styx: Master of Shadows","Ace of Spades ; State of Decay"
"Suburbia","Eufloria ; Memoria ; Skyrim ; Tererria"
"Summoner Wars","Men of War ; Sine Mora ; Take on Mars ; Waking Mars"
"Sunless Sea, The","Banner Saga, The"
"Sunset Overdrive","Drox Operative"
"Super Hexagon","Super Meat Boy ; Super Metroid"
"Super Mario 3D Land","Super Mario 3D World"
"Super Mario 3D World","Super Mario 3D Land"
"Super Meat Boy","Super Metroid"
"Super Metroid","Super Meat Boy"
"Super Pole Riders","Super Metroid"
"Super Smash Bros. for 3DS/for Wii U","Super Mario 3D World"
"Super Stardust Delta","Super Meat Boy"
"Superbrothers: Sword & Sworcery EP","Superbrothers: Sword and Sworcery EP"
"Superbrothers: Sword and Sworcery EP","Superbrothers: Sword & Sworcery EP"
"Surgeon Simulator 2013","Farming Simulator 2013"
"Swapper, The","Cave, The ; Witcher, The"
"Sword of the Stars","Heroes of the Storm"
"Sword of the Stars: The Pit","Sword of the Stars"
"Swords and Soldiers","Sound Shapes ; Sword of the Stars"
"Syndicate","Smite"
"System Shock 2","Bioshock 2"
"Tactics Ogre: Let Us Cling Together","Call of Juarez: Gunslinger ; Magic the Gathering 2012 ; Magic: The Gathering 2013"
"Take on Mars","Waking Mars"
"Tales from Space: Mutant Blobs Attack!","Need for Speed: Hot Pursuit ; Need for Speed: Most Wanted ; Tales of Graces f ; Tales of Graces F"
"Tales of Graces f","Tales of Graces F"
"Tales of Graces F","Tales of Graces f"
"Tales of Vesperia","Tales of Xillia"
"Tales of Xillia","Tales of Xillia 2"
"Tales of Xillia 2","Tales of Xillia"
"Talos Principle, The","Gunstringer, The ; Stanley Parable, The"
"Team Fortress 2","Darkness 2 ; Two Worlds 2"
"Tearaway","Terraria"
"Teleglitch","Glitch"
"Tentacles","Betrayer ; Defiance ; Infamous ; Portal ; Portal 2 ; Tearaway ; Terraria ; Witcher ; Zeno Clash"
"Tererria","Terraria"
"Terra Battle","Terraria"
"Terraria","Tererria"
"Tetrobot & Co.","Metro 2033 ; Papo & Yo"
"The World Ends with You","World Ends With You"
"Theatrhythm Final Fantasy: Curtain Call","Theatrhythm: Final Fantasy"
"Theatrhythm: Final Fantasy","Theatrhythm Final Fantasy: Curtain Call"
"Thief (2014)","F1 2012 ; NBA 2K14 ; Shift 2 ; Trine 2"
"Thirty Flights of Loving","30 Flights of Loving"
"This War of Mine","Risk of Rain ; Thomas Was Alone"
"Thomas Was Alone","This War of Mine"
"Threes!","Darkness ; Reus ; Sorcery! ; Tererria ; Trine 2"
"Through the Ages","Rock of Ages ; To the Moon"
"Ticket to Ride","Secret World"
"Tiger Woods 12","Two Worlds 2"
"Tiny and Big: Grandpa's Leftovers","Lego Indiana Jones ; Pandora's Tower ; Risen 2: Dark Waters ; Skylanders: Spyro's Adventures"
"Tiny Tower","SpellTower ; Tiny Wings"
"Tiny Wings","Tiny Tower"
"Titanfall","Firefall"
"To the Moon","Cut the Rope"
"Toki Tori 2+","Dirt 2 ; Dominions 4 ; Far Cry 2 ; Forza Horizon ; Overlord 2 ; Tiny Tower ; Tomb Raider ; Trine 2 ; Tropico 3 ; Tropico 4 ; Two Worlds 2"
"Tokyo Jungle","Tiny Wings"
"Tom Clancy's Ghost Recon Phantoms","Clash of Clans ; Disney's Guilty Party ; Ghost Recon: Shadow Wars"
"Tomb Raider","Bus Driver ; Gem Keeper ; Icebreaker ; Rock Band 3 ; Strider ; Tiny Tower ; ZombiU"
"Tomb Raider (2013)/Definitive Edition","Tomb Raider Anniversary"
"Tomb Raider (original)","Tomb Raider Anniversary"
"Tomb Raider Anniversary","Tomb Raider (original)"
"Torchlight","Torchlight 2"
"Torchlight 2","Torchlight ; Torchlight II"
"Torchlight II","Torchlight 2"
"Towerfall Ascension","Ascension ; Trials Fusion"
"Toy Soliders: Cold War","Cookie Clicker ; Empire: Total War"
"Trackmania 2: Canyon","Criminal Case ; Trauma Team ; Trials Fusion"
"Train Simulator 2013/2014","Farming Simulator 2013"
"Transistor","Banished ; Crysis ; Crysis 2 ; Crysis 3 ; Krater"
"Trauma Team","Dragon Nest ; Miasmata ; Spaceteam ; Tearaway"
"Trauma Team: Second Opinion","Infamous: Second Son"
"Trenched/Iron Brigade","Ticket to Ride"
"Trials Frontier","Trials Fusion"
"Trials Fusion","Trials Frontier ; Trials: Evolution"
"Trials: Evolution","Trials Fusion"
"Tribes Ascend","Trials Fusion"
"Trine 2","Grid 2"
"Tropico 3","Tropico 4"
"Tropico 4","Tropico 3"
"Twisted Metal","Sims Medieval ; Sine Mora"
"Two Worlds 2","Two Worlds II"
"Two Worlds II","Two Worlds 2"
"Typing of the Dead: Overkill","Sword of the Stars: The Pit"
"Ultimate General: Gettysburg","Elite Beat Agents"
"Uncharted 2","Uncharted 3"
"Uncharted 3","Uncharted 2"
"Uncharted 3: Drake's Deception","Uncharted: Golden Abyss"
"Uncharted: Golden Abyss","Uncharted 2 ; Uncharted 3"
"Unfinished Swan","Banished"
"Unity of Command","Star Command"
"Vagrant Story","Last Story"
"Valiant Hearts: The Great War","Walking Dead, The Season 2"
"Valkyria Chronicles","Xenoblade Chronicles"
"Valkyrie Profile: Lenneth","Valkyria Chronicles"
"Valley Without Wind","Fallout 3 ; Wages of Sin"
"Vampire: Bloodlines","Empire: Total War"
"Vanishing of Ethan Carter","March of the Eagles"
"Vanquish","Banished"
"Velocity 2X","Velocity Ultra"
"Velocity Ultra","Velocity 2X"
"Velvet Assassin","Heavy Rain"
"Vertiginous Golf","Criminal Case ; Demon's Souls ; Dominions 4 ; Dragon's Crown ; Dragon's Dogma ; Get On Top ; Hitman Go ; Persona 4 Golden ; World of Goo"
"Vessel","Reus ; Risen ; Ryse"
"Viscera Cleanup Detail","Dance Central ; Killer Is Dead"
"Viva Pinata: Troule in Paradise","Divinity Original Sin"
"Volgarr the Viking","To the Moon"
"VVVVVV","Vessel"
"Wages of Sin","Jamestown ; League of Evil ; Men of War ; Risk of Rain ; Tales of Xillia ; World of Goo"
"Waking Mars","Take on Mars ; Walking Dead"
"Walking Dead","Waking Mars"
"Walking Dead, The Season 2","Walking Dead, The/400 Days"
"Walking Dead, The/400 Days","Walking Dead, The Season 2"
"War in the East","Feed the Beast"
"War of the Human Tanks","Mark of the Ninja"
"Warframe","Mafia 2 ; Starfarer ; Warlock ; Wordament"
"Wargame: Airland Battle","Terra Battle"
"Warhammer 40,000: Dawn of War 2","Warhammer 40,000: Space Marine"
"Warhammer 40,000: Space Marine","Warhammer 40,000: Dawn of War 2"
"Warlock","Halo 4"
"Wasteland 2","Borderlands 2 ; Outland"
"Watch Dogs","Witcher ; Witcher 2"
"Way","Slay"
"Weapon Shop de Omasse","Atom Zombie Smasher ; War in the East"
"Wildstar","Witcher"
"Witch and the Hundred Knight, The","Night of the Rabbit, The"
"Witcher","Witcher 2"
"Witcher 2","Witcher"
"Witcher 2: Assassins of Kings","Witcher 2: Assassins of Kings, The"
"Witcher 2: Assassins of Kings, The","Witcher 2: Assassins of Kings"
"Witcher, The","Witcher 2"
"Wolf Among Us, The","Last of Us, The"
"Wolfenstein: The New Order","Defense Grid: The Awakening ; Rollers of the Realm ; Walking Dead, The Season 2"
"Wolverine: Origins","Dragon Age: Origins ; Rayman Origins"
"Wonderful 101, The","Banner Saga, The ; Sunless Sea, The"
"Wonderful End of the World","Wonderful 101, The"
"Wordament","Warframe"
"Words with Friends","Borderlands ; World of Tanks ; World of Warriors"
"World Ends With You","The World Ends with You"
"World of Goo","World of Tanks"
"World of Tanks","World of Goo"
"World of WarCraft","World of Warriors"
"World of WarCraft/Mists of Pandaria","World of WarCraft/Warlords of Draenor"
"World of WarCraft/Warlords of Draenor","World of WarCraft/Mists of Pandaria"
"World of Warriors","World of WarCraft"
"Wreckfest: Next Car Game","Ticket to Ride"
"WWE All-Stars","Wildstar"
"X3 Terran Conflict","Terra Battle"
"XCOM: Enemy Unknown","XCOM: Enemy Unknown/Enemy Within"
"XCOM: Enemy Unknown/Enemy Within","XCOM: Enemy Unknown"
"Xenoblade Chronicles","Valkyria Chronicles"
"Yakuza","Yakuza 3"
"Yakuza 3","Yakuza"
"Yakuza: Dead Souls","Beyond: Two Souls"
"Yawhg, The","Ball, The ; Cave, The ; Fall, The"
"Year Walk","Alan Wake ; Tearaway"
"You Don't Know Jack","Paint It Back ; Pokemon Black"
"Ys: The Oath in Felghana","Clash of Clans ; Magic: The Gathering 2013 ; MLB: The Show '12 ; MLB: The Show '14"
"Zen Pinball","Bernband ; Dead Pixels ; Men of War ; Titanfall ; Zeno Clash"
"Zeno Clash","Tentacles"
"Zero Escape: Virtue's Last Reward","Lego Pirates of the Caribbean"
"ZiGGURAT","Bioshock ; BioShock ; Cinders ; Diablo 2 ; Diablo 3 ; Dirt 2 ; Divekick ; DOTA2 ; Eidolon ; FEAR 2 ; Fibbage ; Firefall ; Glitch ; Gothic ; Grid 2 ; ilomilo ; iRacing ; Limbo ; Miasmata ; Nidhogg ; Nier ; Pikmin ; Pikmin 3 ; Rift ; Risen ; SimCity ; Wildstar ; Witcher ; ZombiU"
"Zombie Shooter 2","Zombieville 2"
"Zombieville 2","Godville ; Zombie Shooter 2"
"ZombiU","Gothic ; Limbo ; Rome 2"
"Zookeeper VS","Doorkickers ; Gem Keeper ; Remember Me"
